session,actual_freq,test_freq,window_sec,channel_set,n_harmonics,mean_stim,mean_rest,cohens_d,pval,accuracy
20Hz,20,20,0.5,ch_CZ,1,11.295041808488389,5.888768075850678,0.054248243884219186,0.013240154879688965,0.5555555555555556
20Hz,20,20,0.5,ch_PZ,1,19.645842709832035,7.0359384367861795,0.019861052019591006,0.8963477005503828,0.4691358024691358
20Hz,20,20,0.5,ch_P4,1,8.292366999098183,6.013993982666349,0.03793585749132614,2.211341429013655e-06,0.5308641975308642
20Hz,20,20,0.5,ch_T6,1,13.417045702813137,4.510172817224611,0.0333506259296116,5.681290918593e-07,0.654320987654321
20Hz,20,20,0.5,ch_T5,1,11.876130349742148,7.366643907113488,0.03517979952484503,0.010920245931266552,0.5679012345679012
20Hz,20,20,0.5,ch_P3,1,21.491082991172053,11.057875175412194,0.025187907007828664,0.1384619506420055,0.49382716049382713
20Hz,20,20,0.5,ch_O2,1,9.132139982387837,4.39181964528822,0.07914831865203009,0.06278972767239284,0.5432098765432098
20Hz,20,20,0.5,ch_O1,1,8.671845471212581,5.385120542295243,0.046030607060608596,0.0011169336516009354,0.5679012345679012
20Hz,20,20,0.5,occipital_only,1,8.90199272680021,4.8884700937917325,0.08605671454983713,0.0037669246242990973,0.6049382716049383
20Hz,20,20,0.5,parietal_only,1,17.671018683582083,8.486819173103955,0.03583067734565137,0.13115197877574458,0.5308641975308642
20Hz,20,20,0.5,all_8,1,12.977687001843295,6.45629157282962,0.06307518318038512,0.0002537486285539354,0.6296296296296297
20Hz,20,20,1.0,ch_CZ,1,2.868382195586306,3.7333712105099517,-0.049236061008301954,0.00039504091263606734,0.5308641975308642
20Hz,20,20,1.0,ch_PZ,1,2.0281926106853225,2.021812743692889,0.0012096430678985336,0.8386350982409032,0.5185185185185185
20Hz,20,20,1.0,ch_P4,1,3.231772642535911,1.4848263284549676,0.3365737344554974,2.5119271200399563e-31,0.6296296296296297
20Hz,20,20,1.0,ch_T6,1,2.455674741181691,1.7753247284547502,0.11422169770555747,7.99421109740712e-17,0.654320987654321
20Hz,20,20,1.0,ch_T5,1,2.416669343740986,1.7709805072949796,0.12387109679469725,0.101772678205515,0.5061728395061729
20Hz,20,20,1.0,ch_P3,1,2.354878882365506,2.3322316409335624,0.003814014822545713,0.7967852380349665,0.4444444444444444
20Hz,20,20,1.0,ch_O2,1,2.554332696169733,2.2904887542182233,0.05066231649390191,0.5337124327960944,0.3950617283950617
20Hz,20,20,1.0,ch_O1,1,2.489418406546807,1.9991768801783465,0.06648202036772186,4.090428509932952e-09,0.6172839506172839
20Hz,20,20,1.0,occipital_only,1,2.52187555135827,2.1448328171982847,0.08064332608475792,0.009477398310446427,0.48148148148148145
20Hz,20,20,1.0,parietal_only,1,2.2665802789306047,2.04167496397381,0.06860379485055974,0.4536177406493742,0.5308641975308642
20Hz,20,20,1.0,all_8,1,2.549915189851533,2.1760265992172085,0.11627131205681486,2.3032630185445018e-07,0.5308641975308642
20Hz,20,20,1.5,ch_CZ,1,2.010269843814464,1.6302975558432444,0.12248798115943667,7.546364485827229e-08,0.5432098765432098
20Hz,20,20,1.5,ch_PZ,1,1.4047778894500869,2.0089408433078955,-0.22399954398172237,0.9999166959540277,0.4444444444444444
20Hz,20,20,1.5,ch_P4,1,3.125820971299813,1.1757604484980826,0.5415693921338223,1.181009165179189e-37,0.6666666666666666
20Hz,20,20,1.5,ch_T6,1,2.04220873737187,0.9814501063955006,0.3827223120600756,5.237705381832743e-34,0.7160493827160493
20Hz,20,20,1.5,ch_T5,1,1.947273290128178,1.2197132274477518,0.23262165981335012,9.338123726885542e-05,0.5432098765432098
20Hz,20,20,1.5,ch_P3,1,1.7576056166393184,1.8988010787328355,-0.04704593299118091,0.9592105058990258,0.4567901234567901
20Hz,20,20,1.5,ch_O2,1,1.7002603691566092,1.6168140947859633,0.03452324031203129,0.8450919305823463,0.3333333333333333
20Hz,20,20,1.5,ch_O1,1,1.9618930759971291,1.3485750355433044,0.18661966579736747,4.356125548320043e-11,0.7037037037037037
20Hz,20,20,1.5,occipital_only,1,1.8310767225768692,1.4826945651646342,0.15847852314964592,0.00586757516509374,0.49382716049382713
20Hz,20,20,1.5,parietal_only,1,1.7032189320725277,1.7091517164961612,-0.0033190144600288626,0.9619134294072393,0.4074074074074074
20Hz,20,20,1.5,all_8,1,1.9937637242321835,1.4850440488193224,0.376276312251711,5.069577800955605e-15,0.5925925925925926
20Hz,20,20,2.0,ch_CZ,1,2.549370191260084,2.3930482590764353,0.051120895389631556,0.06823276622442835,0.5061728395061729
20Hz,20,20,2.0,ch_PZ,1,2.0129911647164898,2.302414367787132,-0.13130669474965126,0.9997022487085319,0.345679012345679
20Hz,20,20,2.0,ch_P4,1,3.7485754934218187,1.7553886368463423,0.6116990092133782,3.8846108704385305e-18,0.654320987654321
20Hz,20,20,2.0,ch_T6,1,2.574034257096612,1.761311794854334,0.3239436948279941,9.89625901020605e-08,0.6419753086419753
20Hz,20,20,2.0,ch_T5,1,2.377123360862803,1.6611350522557442,0.29931102612272886,0.0005802715662736197,0.5555555555555556
20Hz,20,20,2.0,ch_P3,1,3.6962816893292763,3.0938328625267753,0.18060032917554336,0.238225730251872,0.5185185185185185
20Hz,20,20,2.0,ch_O2,1,3.79299776371205,3.3970861762473987,0.10494885650307471,0.619620594686927,0.48148148148148145
20Hz,20,20,2.0,ch_O1,1,3.498228444587582,2.6222644166269933,0.23418603989177375,1.310126971991715e-07,0.6172839506172839
20Hz,20,20,2.0,occipital_only,1,3.6456131041498163,3.009675296437196,0.20663796621323152,0.021261058965357935,0.5061728395061729
20Hz,20,20,2.0,parietal_only,1,2.6954654049695232,2.35246076085655,0.20194122233442777,0.16645344565405823,0.5061728395061729
20Hz,20,20,2.0,all_8,1,3.0312002956233397,2.3733101957776443,0.450952653945293,1.7968265506353159e-06,0.5432098765432098
16Hz,16,16,0.5,ch_CZ,1,8.102090969599308,5.639657601071716,0.029648027065389472,0.2545753333012314,0.4567901234567901
16Hz,16,16,0.5,ch_PZ,1,6.475284519695666,7.496880353463458,-0.011043761630941793,0.48944339128936104,0.4444444444444444
16Hz,16,16,0.5,ch_P4,1,11.27908074197618,2.686177437741819,0.08479678477260612,4.137789796429968e-54,0.7777777777777778
16Hz,16,16,0.5,ch_T6,1,14.517031924397738,4.161744226585401,0.03419589365201951,4.689967899592976e-18,0.7283950617283951
16Hz,16,16,0.5,ch_T5,1,6.221888236386195,3.5275433042008646,0.0687289465646663,0.012571282888405873,0.5679012345679012
16Hz,16,16,0.5,ch_P3,1,6.62534140547572,7.56548934760796,-0.015498427655318546,0.024856950709805693,0.5308641975308642
16Hz,16,16,0.5,ch_O2,1,25.272255591648893,9.733804156750042,0.019617534654020535,0.7624629527213265,0.49382716049382713
16Hz,16,16,0.5,ch_O1,1,62.86933804783285,6.994001290914173,0.021730080024129107,0.004584723868886447,0.5925925925925926
16Hz,16,16,0.5,occipital_only,1,44.07079681974088,8.363902723832108,0.026544926070091842,0.4767815769268984,0.4691358024691358
16Hz,16,16,0.5,parietal_only,1,6.440838053852526,6.196637668424095,0.006250795349623495,0.012379954226558493,0.5925925925925926
16Hz,16,16,0.5,all_8,1,17.67028892962657,5.975662214791929,0.034486545614191226,7.063187737440162e-06,0.5679012345679012
16Hz,16,16,1.0,ch_CZ,1,2.329229529622266,1.5668960973964237,0.15352922017852452,0.0001757248150474976,0.48148148148148145
16Hz,16,16,1.0,ch_PZ,1,1.8296258491512545,2.194571843350209,-0.07583122498947086,0.0681044406888831,0.5061728395061729
16Hz,16,16,1.0,ch_P4,1,5.24737732501758,1.3463004282575155,0.36110805832478743,1.9835064121833756e-63,0.6666666666666666
16Hz,16,16,1.0,ch_T6,1,3.4345188884011,1.5878545802563842,0.168313188716804,3.661953088381491e-24,0.5679012345679012
16Hz,16,16,1.0,ch_T5,1,2.119228882410763,1.8065048588384722,0.06792246180993036,0.008561791268495753,0.5432098765432098
16Hz,16,16,1.0,ch_P3,1,2.0331830655429353,2.1638018050123256,-0.023707688118246476,0.5456023823349129,0.4444444444444444
16Hz,16,16,1.0,ch_O2,1,2.205297120743484,1.6640835468370383,0.1154493773116683,0.09011830179021951,0.49382716049382713
16Hz,16,16,1.0,ch_O1,1,2.4821758500576716,1.9413968359485594,0.11693135529408322,7.677394445194361e-07,0.5925925925925926
16Hz,16,16,1.0,occipital_only,1,2.3437364854005773,1.8027401913927985,0.14845730989937278,1.5126968585780615e-05,0.5185185185185185
16Hz,16,16,1.0,parietal_only,1,1.994012599034984,2.0549595024003358,-0.020524771058692676,0.31250232577612436,0.5308641975308642
16Hz,16,16,1.0,all_8,1,2.7100795638683817,1.7839262494871158,0.3236648638133388,9.373061757605436e-21,0.5555555555555556
16Hz,16,16,1.5,ch_CZ,1,1.8757544618855648,1.2942014399610067,0.24543358115715538,0.14736763004275621,0.43209876543209874
16Hz,16,16,1.5,ch_PZ,1,1.5258236981939235,1.6586087406413954,-0.0628079241397753,0.9502349822657642,0.4691358024691358
16Hz,16,16,1.5,ch_P4,1,4.825866761815279,1.0299982526926568,0.6254895162463114,3.4535857908311196e-49,0.6296296296296297
16Hz,16,16,1.5,ch_T6,1,2.732385979427333,1.2090838515689504,0.34827170989804734,2.0019827638145325e-19,0.5925925925925926
16Hz,16,16,1.5,ch_T5,1,1.80885694555126,1.3211359785557202,0.18283752576157564,6.136203602777104e-06,0.5802469135802469
16Hz,16,16,1.5,ch_P3,1,1.3816661536442898,1.366324837695447,0.0076516334452019314,0.3425967361210056,0.5432098765432098
16Hz,16,16,1.5,ch_O2,1,1.518399814191243,1.238548597995877,0.1410139262205597,0.3033286507844812,0.49382716049382713
16Hz,16,16,1.5,ch_O1,1,2.0428055214267173,1.3759212242389531,0.1919127943018962,4.328882628991866e-07,0.6172839506172839
16Hz,16,16,1.5,occipital_only,1,1.7806026678089801,1.3072349111174149,0.21948013963659943,6.714890076947792e-06,0.5185185185185185
16Hz,16,16,1.5,parietal_only,1,1.5721155991298243,1.448689852297521,0.08630042864563518,0.06648773720089239,0.5185185185185185
16Hz,16,16,1.5,all_8,1,2.213944917016951,1.311727865418751,0.5417750075917313,5.493859608290147e-24,0.5802469135802469
16Hz,16,16,2.0,ch_CZ,1,2.612962490280063,1.709790545184799,0.36435681646756773,0.05260867442061542,0.49382716049382713
16Hz,16,16,2.0,ch_PZ,1,2.2289193130075002,1.8767155822225412,0.13818794704964854,0.013835955705047122,0.5185185185185185
16Hz,16,16,2.0,ch_P4,1,6.45950863042714,1.3703660906210333,0.7900941151295929,3.2252857489465796e-32,0.6666666666666666
16Hz,16,16,2.0,ch_T6,1,3.624902290487423,1.5392983257753317,0.6014211309733235,6.5735593137027825e-15,0.5925925925925926
16Hz,16,16,2.0,ch_T5,1,2.4065782079139653,1.8654881888495805,0.2080268318678641,1.2906154190460265e-05,0.5679012345679012
16Hz,16,16,2.0,ch_P3,1,2.099201510349628,2.1987727863625954,-0.03567825275061948,0.15626805284679257,0.48148148148148145
16Hz,16,16,2.0,ch_O2,1,2.436815601881196,1.6195319457220845,0.3391013246677957,0.00010072953605056687,0.6419753086419753
16Hz,16,16,2.0,ch_O1,1,2.7343927420294483,1.7922723728803331,0.35108291670179154,0.00010020265859506931,0.5432098765432098
16Hz,16,16,2.0,occipital_only,1,2.585604171955322,1.705902159301209,0.42193664905073686,8.487756016601543e-08,0.6049382716049383
16Hz,16,16,2.0,parietal_only,1,2.2448996770903644,1.9803255191449056,0.16733176140970998,0.0003850152021076582,0.5925925925925926
16Hz,16,16,2.0,all_8,1,3.075410098297046,1.7465294797022874,0.7871621158348061,1.0967474479801798e-23,0.6419753086419753
