wall_clock,board_ms,seq,board_drops,pc_gaps,board_bad,board_miss,board_dspmax_us,srv_bad,free_heap,marker,event
17:20:31,1047875,0,56359,0,0,0,0,0,174884,0,
17:20:32,1048877,0,56359,56359,0,0,0,0,175132,0,
17:20:33,1049879,0,56359,56359,0,0,0,0,175132,0,
17:20:34,1050881,0,56359,56359,0,0,0,0,176716,0,
17:20:35,1051883,0,56359,56359,0,0,0,0,167400,0,
17:20:36,1052885,0,56359,56359,0,0,0,0,175132,0,
17:20:37,1053886,0,56359,56359,0,0,0,0,175132,0,
17:20:38,1054887,0,56359,56359,0,0,0,0,174784,0,
17:20:39,1055890,0,56359,56359,0,0,0,0,163188,0,
17:20:40,1056892,0,56359,56359,0,0,0,0,175132,0,
17:20:41,1057894,0,56359,56359,0,0,0,0,174784,0,
17:20:42,1058896,0,56359,56359,0,0,0,0,175132,0,
17:20:43,1059897,0,56359,56359,0,0,0,0,175132,0,
17:20:44,1060898,0,56359,56359,0,0,0,0,168984,0,
17:20:45,1061900,0,56359,56359,0,0,0,0,176716,0,
17:20:46,1062901,0,56359,56359,0,0,0,0,173548,0,
17:20:47,1063904,0,56359,56359,0,0,0,0,175132,0,
17:20:48,1064905,0,56359,56359,0,0,0,0,175132,0,
17:20:49,1065906,0,56359,56359,0,0,0,0,176716,0,
17:20:50,1066908,0,56359,56359,0,0,0,0,175132,0,
17:20:51,1067910,0,56359,56359,0,0,0,0,167400,0,
17:20:52,1068912,0,56359,56359,0,0,0,0,175132,0,
17:20:53,1069913,0,56359,56359,0,0,0,0,175132,0,
17:20:54,1070915,0,56359,56359,0,0,0,0,176720,0,
17:20:55,1071918,0,56359,56359,0,0,0,0,175128,0,
17:20:56,1072921,0,56359,56359,0,0,0,0,174784,0,
17:20:57,1073923,0,56359,56359,0,0,0,0,173548,0,
17:20:58,1074926,0,56359,56359,0,0,0,0,173544,0,
17:20:59,1075928,0,56359,56359,0,0,0,0,173548,0,
17:21:00,1076929,0,56359,56359,0,0,0,0,175132,0,
17:21:01,1077931,0,56359,56359,0,0,0,0,175132,0,
17:21:02,1078932,0,56359,56359,0,0,0,0,163188,0,
17:21:03,1079934,0,56359,56359,0,0,0,0,172852,0,
17:21:04,1080936,0,56359,56359,0,0,0,0,175132,0,
17:21:05,1081938,0,56359,56359,0,0,0,0,173548,0,
17:21:06,1082941,0,56359,56359,0,0,0,0,175132,0,
17:21:07,1083943,0,56359,56359,0,0,0,0,175132,0,
17:21:08,1084945,0,56359,56359,0,0,0,0,173548,0,
17:21:09,1085947,0,56359,56359,0,0,0,0,175132,0,
17:21:10,1086948,0,56359,56359,0,0,0,0,176716,0,
17:21:11,1087950,0,56359,56359,0,0,0,0,175132,0,
17:21:12,1088951,0,56359,56359,0,0,0,0,175132,0,
17:21:13,1089952,0,56359,56359,0,0,0,0,173200,0,
17:21:14,1090954,0,56359,56359,0,0,0,0,175132,0,
17:21:15,1091955,0,56359,56359,0,0,0,0,174780,0,
17:21:16,1092958,0,56359,56359,0,0,0,0,176724,0,
17:21:17,1093959,0,56359,56359,0,0,0,0,174792,0,
17:21:18,1094961,0,56359,56359,0,0,0,0,176708,0,
17:21:19,1095964,0,56359,56359,0,0,0,0,174784,0,
17:21:20,1096965,0,56359,56359,0,0,0,0,176716,0,
17:21:21,1097968,0,56359,56359,0,0,0,0,167052,0,
17:21:22,1098969,0,56359,56359,0,0,0,0,173548,0,
17:21:23,1099971,0,56359,56359,0,0,0,0,173200,0,
17:21:24,1100973,0,56359,56359,0,0,0,0,174784,0,
17:21:25,1101975,0,56359,56359,0,0,0,0,173548,0,
17:21:26,1102978,0,56359,56359,0,0,0,0,176716,0,
17:21:27,1103979,0,56359,56359,0,0,0,0,173548,0,
17:21:28,1104981,0,56359,56359,0,0,0,0,175132,0,
17:21:29,1105982,0,56359,56359,0,0,0,0,176716,0,
17:21:30,1106985,0,56359,56359,0,0,0,0,165120,0,
17:21:31,1107986,0,56359,56359,0,0,0,0,173200,0,
17:21:32,1108987,0,56359,56359,0,0,0,0,173548,0,
17:21:33,1109988,0,56359,56359,0,0,0,0,175132,0,
17:21:34,1110990,0,56359,56359,0,0,0,0,173200,0,
17:21:35,1111991,0,56359,56359,0,0,0,0,175132,0,
17:21:36,1112992,0,56359,56359,0,0,0,0,173200,0,
17:21:37,1113995,0,56359,56359,0,0,0,0,176716,0,
17:21:38,1114996,0,56359,56359,0,0,0,0,173548,0,
17:21:39,1115998,0,56359,56359,0,0,0,0,176716,0,
17:21:40,1117000,0,56359,56359,0,0,0,0,174784,0,
17:21:41,1118002,0,56359,56359,0,0,0,0,176716,0,
17:21:42,1119003,0,56359,56359,0,0,0,0,176716,0,
17:21:43,1120006,0,56359,56359,0,0,0,0,173548,0,
17:21:44,1121009,0,56359,56359,0,0,0,0,175132,0,
17:21:45,1122011,0,56359,56359,0,0,0,0,174784,0,
17:21:46,1123012,0,56359,56359,0,0,0,0,176716,0,
17:21:47,1124015,0,56359,56359,0,0,0,0,176716,0,
17:21:48,1125017,0,56359,56359,0,0,0,0,174784,0,
17:21:49,1126020,0,56359,56359,0,0,0,0,167400,0,
17:21:50,1127022,0,56359,56359,0,0,0,0,175132,0,
17:21:51,1128024,0,56359,56359,0,0,0,0,176716,0,
17:21:52,1129026,0,56359,56359,0,0,0,0,175132,0,
17:21:53,1130028,0,56359,56359,0,0,0,0,161604,0,
17:21:54,1131034,0,56359,56359,0,0,0,0,174784,0,
17:21:55,1132036,0,56359,56359,0,0,0,0,175132,0,
17:21:56,1133039,0,56359,56359,0,0,0,0,175132,0,
17:21:57,1134041,0,56359,56359,0,0,0,0,173548,0,
17:21:58,1135042,0,56359,56359,0,0,0,0,173548,0,
17:21:59,1136045,0,56359,56359,0,0,0,0,173200,0,
17:22:00,1137046,0,56359,56359,0,0,0,0,176708,0,
17:22:01,1138049,0,56359,56359,0,0,0,0,173548,0,
17:22:02,1139051,0,56359,56359,0,0,0,0,173548,0,
17:22:03,1140054,0,56359,56359,0,0,0,0,165468,0,
17:22:04,1141055,0,56359,56359,0,0,0,0,176716,0,
17:22:05,1142058,0,56359,56359,0,0,0,0,175132,0,
17:22:06,1143059,0,56359,56359,0,0,0,0,173200,0,
17:22:07,1144061,0,56359,56359,0,0,0,0,175132,0,
17:22:08,1145062,0,56359,56359,0,0,0,0,175132,0,
17:22:09,1146063,0,56359,56359,0,0,0,0,176716,0,
17:22:10,1147064,0,56359,56359,0,0,0,0,175140,0,
17:22:11,1148065,0,56359,56359,0,0,0,0,176716,0,
17:22:12,1149067,0,56359,56359,0,0,0,0,175132,0,
17:22:13,1150068,0,56359,56359,0,0,0,0,176716,0,
17:22:14,1151070,0,56359,56359,0,0,0,0,175132,0,
17:22:15,1152072,0,56359,56359,0,0,0,0,176716,0,
17:22:16,1153073,0,56359,56359,0,0,0,0,175132,0,
17:22:17,1154074,0,56359,56359,0,0,0,0,176720,0,
17:22:18,1155077,0,56359,56359,0,0,0,0,176716,0,
17:22:19,1156078,0,56359,56359,0,0,0,0,175132,0,
17:22:20,1157079,0,56359,56359,0,0,0,0,176724,0,
17:22:21,1158080,0,56359,56359,0,0,0,0,172848,0,
17:22:22,1159081,0,56359,56359,0,0,0,0,170572,0,
17:22:23,1159081,0,56359,56359,0,0,0,0,170572,0,marker
17:22:23,1160083,0,56359,56359,0,0,0,0,173680,0,
17:22:24,1161085,0,56359,56359,0,0,0,0,175272,0,
17:22:25,1162087,0,56359,56359,0,0,0,0,173680,0,
17:22:26,1163088,0,56359,56359,0,0,0,0,172096,0,
17:22:27,1164090,0,56359,56359,0,0,0,0,171744,0,
17:22:28,1165091,0,56359,56359,0,0,0,0,173680,0,
17:22:29,1166093,0,56359,56359,0,0,0,0,173332,0,
17:22:30,1167095,0,56359,56359,0,0,0,0,171748,0,
17:22:31,1168098,0,56359,56359,0,0,0,0,173680,0,
17:22:32,1169100,0,56359,56359,0,0,0,0,173680,0,
17:22:33,1170102,0,56359,56359,0,0,0,0,175264,0,
17:22:34,1171104,0,56359,56359,0,0,0,0,173680,0,
17:22:35,1172106,0,56359,56359,0,0,0,0,172096,0,
17:22:36,1173109,0,56359,56359,0,0,0,0,169464,0,
17:22:37,1174110,0,56359,56359,0,0,0,0,175272,0,
17:22:38,1175112,0,56359,56359,0,0,0,0,173680,0,
17:22:39,1176115,0,56359,56359,0,0,0,0,173332,0,
17:22:40,1177118,0,56359,56359,0,0,0,0,173336,0,
17:22:41,1178119,0,56359,56359,0,0,0,0,171748,0,
17:22:42,1179122,0,56359,56359,0,0,0,0,173680,0,
17:22:43,1180124,0,56359,56359,0,0,0,0,172096,0,
17:22:44,1181126,0,56359,56359,0,0,0,0,171748,0,
17:22:45,1182128,0,56359,56359,0,0,0,0,173332,0,
17:22:46,1183130,0,56359,56359,0,0,0,0,171748,0,
17:22:47,1184133,0,56359,56359,0,0,0,0,173680,0,
17:22:48,1185134,0,56359,56359,0,0,0,0,172096,0,
17:22:49,1186136,0,56359,56359,0,0,0,0,173680,0,
17:22:50,1187137,0,56359,56359,0,0,0,0,172096,0,
17:22:51,1188139,0,56359,56359,0,0,0,0,173680,0,
17:22:52,1189140,0,56359,56359,0,0,0,0,175264,0,
17:22:53,1190143,0,56359,56359,0,0,0,0,172096,0,
17:22:54,1191145,0,56359,56359,0,0,0,0,173680,0,
17:22:54,1191145,21,56359,56359,0,0,0,0,173680,21,marker
17:22:55,1191145,0,56359,56359,0,0,0,0,173680,0,marker
17:22:55,1192148,0,56359,56359,0,0,0,0,173680,0,
17:22:56,1193150,0,56359,56359,0,0,0,0,175264,0,
17:22:57,1194151,0,56359,56359,0,0,0,0,173680,0,
17:22:58,1195153,0,56359,56359,0,0,0,0,175272,0,
17:22:59,1196154,0,56359,56359,0,0,0,0,173680,0,
17:23:00,1197156,0,56359,56359,0,0,0,0,175264,0,
17:23:01,1198157,0,56359,56359,0,0,0,0,175264,0,
17:23:02,1199159,0,56359,56359,0,0,0,0,173680,0,
17:23:03,1200160,0,56359,56359,0,0,0,0,175264,0,
17:23:04,1201161,0,56359,56359,0,0,0,0,173680,0,
17:23:05,1202162,0,56359,56359,0,0,0,0,175264,0,
17:23:07,1203165,0,56359,56359,0,0,0,0,173332,0,
17:23:07,1204168,0,56359,56359,0,0,0,0,173332,0,
17:23:08,1204168,30,56359,56359,0,0,0,0,173332,30,marker
17:23:08,1204168,0,56359,56359,0,0,0,0,173332,0,marker
17:23:08,1205171,0,56359,56359,0,0,0,0,173680,0,
17:23:09,1206173,0,56359,56359,0,0,0,0,173680,0,
17:23:10,1207175,0,56359,56359,0,0,0,0,171748,0,
17:23:11,1207175,21,56359,56359,0,0,0,0,171748,21,marker
17:23:11,1208178,0,56359,56359,0,0,0,0,172096,0,
17:23:12,1209180,0,56359,56359,0,0,0,0,173676,0,
17:23:13,1210181,0,56359,56359,0,0,0,0,175264,0,
17:23:14,1211183,0,56359,56359,0,0,0,0,173680,0,
17:23:16,1212184,0,56359,56359,0,0,0,0,175272,0,
17:23:17,1213186,0,56359,56359,0,0,0,0,173676,0,
17:23:18,1214187,0,56359,56359,0,0,0,0,167532,0,
17:23:18,1215189,0,56359,56359,0,0,0,0,173332,0,
17:23:20,1216191,0,56359,56359,0,0,0,0,173332,0,
17:23:20,1217192,0,56359,56359,0,0,0,0,171748,0,
17:23:21,1218193,0,56359,56359,0,0,0,0,173332,0,
17:23:22,1218193,30,56359,56359,0,0,0,0,173332,30,marker
17:23:23,1219195,0,56359,56359,0,0,0,0,173332,0,
17:23:24,1220200,0,56359,56359,0,0,0,0,160700,0,
17:23:24,1221202,0,56359,56359,0,0,0,0,173680,0,
17:23:26,1222204,0,56359,56359,0,0,0,0,172096,0,
17:23:27,1223207,0,56359,56359,0,0,0,0,173680,0,
17:23:28,1224209,0,56359,56359,0,0,0,0,171748,0,
17:23:29,1225211,0,56359,56359,0,0,0,0,171744,0,
17:23:30,1226213,0,56359,56359,0,0,0,0,173680,0,
17:23:31,1227215,0,56359,56359,0,0,0,0,175272,0,
17:23:32,1228217,0,56359,56359,0,0,0,0,173680,0,
17:23:33,1229219,0,56359,56359,0,0,0,0,173680,0,
17:23:34,1230221,0,56359,56359,0,0,0,0,171748,0,
17:23:35,1231224,0,56359,56359,0,0,0,0,173680,0,
17:23:36,1232225,0,56359,56359,0,0,0,0,172096,0,
17:23:37,1233228,0,56359,56359,0,0,0,0,169816,0,
17:23:38,1234230,0,56359,56359,0,0,0,0,173680,0,
17:23:39,1235232,0,56359,56359,0,0,0,0,173332,0,
17:23:40,1236235,0,56359,56359,0,0,0,0,172096,0,
17:23:41,1237238,0,56359,56359,0,0,0,0,175264,0,
17:23:42,1238239,0,56359,56359,0,0,0,0,171748,0,
17:23:43,1239240,0,56359,56359,0,0,0,0,175264,0,
17:23:44,1240242,0,56359,56359,0,0,0,0,172092,0,
17:23:45,1241244,0,56359,56359,0,0,0,0,173680,0,
17:23:46,1242246,0,56359,56359,0,0,0,0,173332,0,
17:23:46,1242246,0,56359,56359,0,0,0,0,173332,0,marker
17:23:47,1243248,0,56359,56359,0,0,0,0,171744,0,
17:23:48,1244250,0,56359,56359,0,0,0,0,173680,0,
17:23:49,1245252,0,56359,56359,0,0,0,0,173332,0,
17:23:50,1246253,0,56359,56359,0,0,0,0,160152,0,
17:23:51,1247258,0,56359,56359,0,0,0,0,169468,0,
17:23:52,1248259,0,56359,56359,0,0,0,0,172096,0,
17:23:53,1249261,0,56359,56359,0,0,0,0,171748,0,
17:23:54,1250264,0,56359,56359,0,0,0,0,171748,0,
17:23:55,1251266,0,56359,56359,0,0,0,0,160152,0,
17:23:56,1252276,0,56359,56359,0,0,0,0,167880,0,
17:23:57,1253278,0,56359,56359,0,0,0,0,173688,0,
17:23:58,1254280,0,56359,56359,0,0,0,0,173676,0,
17:23:59,1255282,0,56359,56359,0,0,0,0,171400,0,
17:23:59,1255282,21,56359,56359,0,0,0,0,171400,21,marker
17:23:59,1255282,0,56359,56359,0,0,0,0,171400,0,marker
17:24:00,1256284,0,56359,56359,0,0,0,0,161736,0,
17:24:01,1257286,0,56359,56359,0,0,0,0,171748,0,
17:24:02,1258300,0,56359,56359,0,0,0,0,161388,0,
17:24:03,1259303,0,56359,56359,0,0,0,0,162084,0,
17:24:04,1260304,0,56359,56359,0,0,0,0,173676,0,
17:24:05,1261305,0,56359,56359,0,0,0,0,172096,0,
17:24:06,1262306,0,56359,56359,0,0,0,0,173680,0,
17:24:07,1263308,0,56359,56359,0,0,0,0,173332,0,
17:24:08,1264310,0,56359,56359,0,0,0,0,167532,0,
17:24:09,1265312,0,56359,56359,0,0,0,0,171400,0,
17:24:09,1265312,30,56359,56359,0,0,0,0,171400,30,marker
17:24:09,1265312,0,56359,56359,0,0,0,0,171400,0,marker
17:24:09,1265312,40,56359,56359,0,0,0,0,171400,40,marker
17:24:10,1266315,0,56359,56359,0,0,0,0,161876,0,
17:24:11,1267316,0,56359,56359,0,0,0,0,175264,0,
17:24:12,1268318,0,56359,56359,0,0,0,0,171400,0,
17:24:12,1268318,21,56359,56359,0,0,0,0,171400,21,marker
17:24:12,1268318,0,56359,56359,0,0,0,0,171400,0,marker
17:24:13,1269319,0,56359,56359,0,0,0,0,172096,0,
17:24:14,1270324,0,56359,56359,0,0,0,0,160692,0,
17:24:15,1271326,0,56359,56359,0,0,0,0,175264,0,
17:24:16,1272328,0,56359,56359,0,0,0,0,173680,0,
17:24:17,1273329,0,56359,56359,0,0,0,0,173680,0,
17:24:18,1274330,0,56359,56359,0,0,0,0,173680,0,
17:24:19,1275332,0,56359,56359,0,0,0,0,173332,0,
17:24:20,1276333,0,56359,56359,0,0,0,0,173680,0,
17:24:21,1277334,0,56359,56359,0,0,0,0,173680,0,
17:24:22,1278335,0,56359,56359,0,0,0,0,173688,0,
17:24:22,1278335,30,56359,56359,0,0,0,0,173688,30,marker
17:24:22,1278335,0,56359,56359,0,0,0,0,173688,0,marker
17:24:22,1278335,40,56359,56359,0,0,0,0,173688,40,marker
17:24:22,1278335,0,56359,56359,0,0,0,0,173688,0,marker
17:24:23,1279336,0,56359,56359,0,0,0,0,172104,0,
17:24:24,1280337,0,56359,56359,0,0,0,0,173332,0,
17:24:25,1281338,0,56359,56359,0,0,0,0,173680,0,
17:24:25,1281338,20,56359,56359,0,0,0,0,173680,20,marker
17:24:25,1281338,0,56359,56359,0,0,0,0,173680,0,marker
17:24:26,1282339,0,56359,56359,0,0,0,0,165600,0,
17:24:27,1283340,0,56359,56359,0,0,0,0,172096,0,
17:24:28,1284344,0,56359,56359,0,0,0,0,172096,0,
17:24:29,1285347,0,56359,56359,0,0,0,0,173332,0,
17:24:30,1286349,0,56359,56359,0,0,0,0,175264,0,
17:24:31,1287350,0,56359,56359,0,0,0,0,173680,0,
17:24:32,1288352,0,56359,56359,0,0,0,0,173680,0,
17:24:33,1289354,0,56359,56359,0,0,0,0,165600,0,
17:24:34,1290355,0,56359,56359,0,0,0,0,173680,0,
17:24:35,1291357,0,56359,56359,0,0,0,0,171400,0,
17:24:35,1291357,30,56359,56359,0,0,0,0,171400,30,marker
17:24:35,1291357,0,56359,56359,0,0,0,0,171400,0,marker
17:24:35,1291357,40,56359,56359,0,0,0,0,171400,40,marker
17:24:36,1291357,0,56359,56359,0,0,0,0,171400,0,marker
17:24:36,1292360,0,56359,56359,0,0,0,0,173680,0,
17:24:37,1293361,0,56359,56359,0,0,0,0,173332,0,
17:24:38,1294362,0,56359,56359,0,0,0,0,169468,0,
17:24:38,1294362,21,56359,56359,0,0,0,0,169468,21,marker
17:24:38,1294362,0,56359,56359,0,0,0,0,169468,0,marker
17:24:39,1295363,0,56359,56359,0,0,0,0,173680,0,
17:24:40,1296366,0,56359,56359,0,0,0,0,173332,0,
17:24:41,1297368,0,56359,56359,0,0,0,0,175264,0,
17:24:42,1298369,0,56359,56359,0,0,0,0,162084,0,
17:24:43,1299371,0,56359,56359,0,0,0,0,171748,0,
17:24:44,1300372,0,56359,56359,0,0,0,0,175272,0,
17:24:45,1301374,0,56359,56359,0,0,0,0,172096,0,
17:24:46,1302377,0,56359,56359,0,0,0,0,175264,0,
17:24:47,1303379,0,56359,56359,0,0,0,0,172096,0,
17:24:48,1304380,0,56359,56359,0,0,0,0,172096,0,
17:24:48,1304380,30,56359,56359,0,0,0,0,172096,30,marker
17:24:48,1304380,0,56359,56359,0,0,0,0,172096,0,marker
17:24:49,1304380,40,56359,56359,0,0,0,0,172096,40,marker
17:24:49,1305381,0,56359,56359,0,0,0,0,175264,40,
17:24:49,1305381,0,56359,56359,0,0,0,0,175264,0,marker
17:24:50,1306383,0,56359,56359,0,0,0,0,175264,0,
17:24:51,1307384,0,56359,56359,0,0,0,0,173680,0,
17:24:51,1307384,20,56359,56359,0,0,0,0,173680,20,marker
17:24:51,1307384,0,56359,56359,0,0,0,0,173680,0,marker
17:24:52,1308386,0,56359,56359,0,0,0,0,175264,0,
17:24:53,1309388,0,56359,56359,0,0,0,0,171748,0,
17:24:54,1310390,0,56359,56359,0,0,0,0,173332,0,
17:24:55,1311393,0,56359,56359,0,0,0,0,175264,0,
17:24:56,1312395,0,56359,56359,0,0,0,0,173680,0,
17:24:57,1313396,0,56359,56359,0,0,0,0,175264,0,
17:24:58,1314397,0,56359,56359,0,0,0,0,173680,0,
17:24:59,1315399,0,56359,56359,0,0,0,0,173688,0,
17:25:00,1316401,0,56359,56359,0,0,0,0,173332,0,
17:25:01,1317402,0,56359,56359,0,0,0,0,172096,0,
17:25:01,1317402,30,56359,56359,0,0,0,0,172096,30,marker
17:25:01,1317402,0,56359,56359,0,0,0,0,172096,0,marker
17:25:01,1317402,40,56359,56359,0,0,0,0,172096,40,marker
17:25:02,1318405,0,56359,56359,0,0,0,0,173680,0,
17:25:03,1319407,0,56359,56359,0,0,0,0,175264,0,
17:25:04,1320408,0,56359,56359,0,0,0,0,173680,0,
17:25:04,1320408,21,56359,56359,0,0,0,0,173680,21,marker
17:25:04,1320408,0,56359,56359,0,0,0,0,173680,0,marker
17:25:05,1321409,0,56359,56359,0,0,0,0,173680,0,
17:25:06,1322411,0,56359,56359,0,0,0,0,175264,0,
17:25:07,1323413,0,56359,56359,0,0,0,0,173680,0,
17:25:08,1324414,0,56359,56359,0,0,0,0,172092,0,
17:25:09,1325416,0,56359,56359,0,0,0,0,172096,0,
17:25:10,1326418,0,56359,56359,0,0,0,0,173332,0,
17:25:11,1327421,0,56359,56359,0,0,0,0,172096,0,
17:25:12,1328422,0,56359,56359,0,0,0,0,173680,0,
17:25:13,1329423,0,56359,56359,0,0,0,0,172096,0,
17:25:14,1330425,0,56359,56359,0,0,0,0,173680,0,
17:25:14,1330425,30,56359,56359,0,0,0,0,173680,30,marker
17:25:14,1330425,0,56359,56359,0,0,0,0,173680,0,marker
17:25:15,1330425,40,56359,56359,0,0,0,0,173680,40,marker
17:25:15,1331426,0,56359,56359,0,0,0,0,172096,40,
17:25:15,1331426,0,56359,56359,0,0,0,0,172096,0,marker
17:25:16,1332427,0,56359,56359,0,0,0,0,175272,0,
17:25:17,1333428,0,56359,56359,0,0,0,0,173680,0,
17:25:17,1333428,20,56359,56359,0,0,0,0,173680,20,marker
17:25:17,1333428,0,56359,56359,0,0,0,0,173680,0,marker
17:25:18,1334430,0,56359,56359,0,0,0,0,172096,0,
17:25:19,1335432,0,56359,56359,0,0,0,0,173680,0,
17:25:20,1336433,0,56359,56359,0,0,0,0,175264,0,
17:25:21,1337435,0,56359,56359,0,0,0,0,172096,0,
17:25:22,1338438,0,56359,56359,0,0,0,0,173688,0,
17:25:23,1339440,0,56359,56359,0,0,0,0,175264,0,
17:25:24,1340441,0,56359,56359,0,0,0,0,173680,0,
17:25:25,1341443,0,56359,56359,0,0,0,0,165948,0,
17:25:26,1342444,0,56359,56359,0,0,0,0,175264,0,
17:25:27,1343446,0,56359,56359,0,0,0,0,173676,0,
17:25:27,1343446,30,56359,56359,0,0,0,0,173676,30,marker
17:25:27,1343446,0,56359,56359,0,0,0,0,173676,0,marker
17:25:27,1343446,40,56359,56359,0,0,0,0,173676,40,marker
17:25:27,1343446,0,56359,56359,0,0,0,0,173676,0,marker
17:25:28,1344448,0,56359,56359,0,0,0,0,171748,0,
17:25:29,1345450,0,56359,56359,0,0,0,0,173332,0,
17:25:30,1346453,0,56359,56359,0,0,0,0,175272,0,
17:25:30,1346453,21,56359,56359,0,0,0,0,175272,21,marker
17:25:30,1346453,0,56359,56359,0,0,0,0,175272,0,marker
17:25:31,1347456,0,56359,56359,0,0,0,0,173680,0,
17:25:32,1348459,0,56359,56359,0,0,0,0,175264,0,
17:25:33,1349462,0,56359,56359,0,0,0,0,173680,0,
17:25:34,1350464,0,56359,56359,0,0,0,0,173680,0,
17:25:35,1351467,0,56359,56359,0,0,0,0,175264,0,
17:25:36,1352468,0,56359,56359,0,0,0,0,173680,0,
17:25:37,1353470,0,56359,56359,0,0,0,0,175264,0,
17:25:38,1354472,0,56359,56359,0,0,0,0,173680,0,
17:25:39,1355474,0,56359,56359,0,0,0,0,173680,0,
17:25:40,1356476,0,56359,56359,0,0,0,0,172104,0,
17:25:40,1356476,30,56359,56359,0,0,0,0,172104,30,marker
17:25:40,1356476,0,56359,56359,0,0,0,0,172104,0,marker
17:25:40,1356476,40,56359,56359,0,0,0,0,172104,40,marker
17:25:40,1356476,0,56359,56359,0,0,0,0,172104,0,marker
17:25:41,1357478,0,56359,56359,0,0,0,0,173332,0,
17:25:42,1358480,0,56359,56359,0,0,0,0,160152,0,
17:25:43,1359486,0,56359,56359,0,0,0,0,171400,0,
17:25:43,1359486,20,56359,56359,0,0,0,0,171400,20,marker
17:25:43,1359486,0,56359,56359,0,0,0,0,171400,0,marker
17:25:44,1360488,0,56359,56359,0,0,0,0,172096,0,
17:25:45,1361490,0,56359,56359,0,0,0,0,171748,0,
17:25:46,1362493,0,56359,56359,0,0,0,0,173680,0,
17:25:47,1363494,0,56359,56359,0,0,0,0,172096,0,
17:25:48,1364496,0,56359,56359,0,0,0,0,171748,0,
17:25:49,1365497,0,56359,56359,0,0,0,0,175264,0,
17:25:50,1366499,0,56359,56359,0,0,0,0,173680,0,
17:25:51,1367500,0,56359,56359,0,0,0,0,175264,0,
17:25:52,1368502,0,56359,56359,0,0,0,0,173332,0,
17:25:53,1368502,30,56359,56359,0,0,0,0,173332,30,marker
17:25:53,1369503,0,56359,56359,0,0,0,0,169812,30,
17:25:53,1369503,0,56359,56359,0,0,0,0,169812,0,marker
17:25:53,1369503,40,56359,56359,0,0,0,0,169812,40,marker
17:25:53,1369503,0,56359,56359,0,0,0,0,169812,0,marker
17:25:54,1370505,0,56359,56359,0,0,0,0,173332,0,
17:25:55,1371507,0,56359,56359,0,0,0,0,173680,0,
17:25:56,1371507,20,56359,56359,0,0,0,0,173680,20,marker
17:25:56,1372510,0,56359,56359,0,0,0,0,173336,20,
17:25:57,1373512,0,56359,56359,0,0,0,0,172096,0,
17:25:58,1374513,0,56359,56359,0,0,0,0,173680,0,
17:25:59,1375514,0,56359,56359,0,0,0,0,175264,0,
17:26:00,1376517,0,56359,56359,0,0,0,0,173680,0,
17:26:01,1377520,0,56359,56359,0,0,0,0,165600,0,
17:26:02,1378521,0,56359,56359,0,0,0,0,173680,0,
17:26:03,1379522,0,56359,56359,0,0,0,0,172096,0,
17:26:04,1380524,0,56359,56359,0,0,0,0,172096,0,
17:26:05,1381527,0,56359,56359,0,0,0,0,173332,0,
17:26:06,1381527,30,56359,56359,0,0,0,0,173332,30,marker
17:26:06,1382528,0,56359,56359,0,0,0,0,175272,30,
17:26:06,1382528,40,56359,56359,0,0,0,0,175272,40,marker
17:26:06,1382528,0,56359,56359,0,0,0,0,175272,0,marker
17:26:07,1383529,0,56359,56359,0,0,0,0,175264,0,
17:26:08,1384531,0,56359,56359,0,0,0,0,173680,0,
17:26:09,1384531,21,56359,56359,0,0,0,0,173680,21,marker
17:26:09,1385532,0,56359,56359,0,0,0,0,173680,21,
17:26:09,1385532,0,56359,56359,0,0,0,0,173680,0,marker
17:26:10,1386534,0,56359,56359,0,0,0,0,173688,0,
17:26:11,1387537,0,56359,56359,0,0,0,0,171748,0,
17:26:12,1388538,0,56359,56359,0,0,0,0,173680,0,
17:26:13,1389540,0,56359,56359,0,0,0,0,173680,0,
17:26:14,1390541,0,56359,56359,0,0,0,0,173332,0,
17:26:15,1391542,0,56359,56359,0,0,0,0,173680,0,
17:26:16,1392544,0,56359,56359,0,0,0,0,173680,0,
17:26:17,1393545,0,56359,56359,0,0,0,0,172096,0,
17:26:18,1394547,0,56359,56359,0,0,0,0,173680,0,
17:26:19,1394547,30,56359,56359,0,0,0,0,173680,30,marker
17:26:19,1395548,0,56359,56359,0,0,0,0,173680,30,
17:26:19,1395548,0,56359,56359,0,0,0,0,173680,0,marker
17:26:19,1395548,40,56359,56359,0,0,0,0,173680,40,marker
17:26:19,1395548,0,56359,56359,0,0,0,0,173680,0,marker
17:26:20,1396549,0,56359,56359,0,0,0,0,168772,0,
17:26:21,1397550,0,56359,56359,0,0,0,0,175264,0,
17:26:22,1397550,20,56359,56359,0,0,0,0,175264,20,marker
17:26:22,1398551,0,56359,56359,0,0,0,0,175264,20,
17:26:22,1398551,0,56359,56359,0,0,0,0,175264,0,marker
17:26:23,1399553,0,56359,56359,0,0,0,0,172096,0,
17:26:24,1400554,0,56359,56359,0,0,0,0,167532,0,
17:26:25,1401556,0,56359,56359,0,0,0,0,173332,0,
17:26:26,1402558,0,56359,56359,0,0,0,0,173332,0,
17:26:27,1403561,0,56359,56359,0,0,0,0,173332,0,
17:26:28,1404562,0,56359,56359,0,0,0,0,161736,0,
17:26:29,1405564,0,56359,56359,0,0,0,0,169816,0,
17:26:30,1406577,0,56359,56359,0,0,0,0,173332,0,
17:26:31,1407578,0,56359,56359,0,0,0,0,175268,0,
17:26:32,1407578,30,56359,56359,0,0,0,0,175268,30,marker
17:26:32,1408580,0,56359,56359,0,0,0,0,171748,30,
17:26:32,1408580,0,56359,56359,0,0,0,0,171748,0,marker
17:26:32,1408580,40,56359,56359,0,0,0,0,171748,40,marker
17:26:32,1408580,0,56359,56359,0,0,0,0,171748,0,marker
17:26:33,1409584,0,56359,56359,0,0,0,0,173332,0,
17:26:34,1410586,0,56359,56359,0,0,0,0,167880,0,
17:26:35,1410586,21,56359,56359,0,0,0,0,167880,21,marker
17:26:35,1411587,0,56359,56359,0,0,0,0,175264,21,
17:26:35,1411587,0,56359,56359,0,0,0,0,175264,0,marker
17:26:36,1412589,0,56359,56359,0,0,0,0,165600,0,
17:26:37,1413590,0,56359,56359,0,0,0,0,173680,0,
17:26:38,1414591,0,56359,56359,0,0,0,0,162084,0,
17:26:39,1415592,0,56359,56359,0,0,0,0,172096,0,
17:26:40,1416595,0,56359,56359,0,0,0,0,173676,0,
17:26:41,1417598,0,56359,56359,0,0,0,0,173680,0,
17:26:42,1418600,0,56359,56359,0,0,0,0,175264,0,
17:26:43,1419601,0,56359,56359,0,0,0,0,165948,0,
17:26:44,1420603,0,56359,56359,0,0,0,0,173680,0,
17:26:45,1420603,30,56359,56359,0,0,0,0,173680,30,marker
17:26:45,1421605,0,56359,56359,0,0,0,0,173332,30,
17:26:45,1421605,40,56359,56359,0,0,0,0,173332,40,marker
17:26:45,1421605,0,56359,56359,0,0,0,0,173332,0,marker
17:26:46,1422607,0,56359,56359,0,0,0,0,171748,0,
17:26:47,1423613,0,56359,56359,0,0,0,0,173332,0,
17:26:48,1423613,20,56359,56359,0,0,0,0,173332,20,marker
17:26:48,1424615,0,56359,56359,0,0,0,0,175272,20,
17:26:48,1424615,0,56359,56359,0,0,0,0,175272,0,marker
17:26:49,1425616,0,56359,56359,0,0,0,0,173680,0,
17:26:50,1426617,0,56359,56359,0,0,0,0,172096,0,
17:26:51,1427619,0,56359,56359,0,0,0,0,165948,0,
17:26:52,1428621,0,56359,56359,0,0,0,0,160152,0,
17:26:53,1429630,0,56359,56359,0,0,0,0,169468,0,
17:26:54,1430632,0,56359,56359,0,0,0,0,171748,0,
17:26:55,1431635,0,56359,56359,0,0,0,0,175264,0,
17:26:56,1432637,0,56359,56359,0,0,0,0,173680,0,
17:26:57,1433639,0,56359,56359,0,0,0,0,161736,0,
17:26:58,1433639,30,56359,56359,0,0,0,0,161736,30,marker
17:26:58,1434640,0,56359,56359,0,0,0,0,173332,30,
17:26:58,1434640,0,56359,56359,0,0,0,0,173332,0,marker
17:26:59,1434640,40,56359,56359,0,0,0,0,173332,40,marker
17:26:59,1434640,0,56359,56359,0,0,0,0,173332,0,marker
17:26:59,1435647,0,56359,56359,0,0,0,0,173680,0,
17:27:00,1436649,0,56359,56359,0,0,0,0,175264,0,
17:27:01,1436649,21,56359,56359,0,0,0,0,175264,21,marker
17:27:01,1437650,0,56359,56359,0,0,0,0,173680,21,
17:27:01,1437650,0,56359,56359,0,0,0,0,173680,0,marker
17:27:02,1438652,0,56359,56359,0,0,0,0,173680,0,
17:27:03,1439654,0,56359,56359,0,0,0,0,173332,0,
17:27:04,1440655,0,56359,56359,0,0,0,0,173680,0,
17:27:05,1441656,0,56359,56359,0,0,0,0,172096,0,
17:27:06,1442658,0,56359,56359,0,0,0,0,172096,0,
17:27:07,1443660,0,56359,56359,0,0,0,0,167884,0,
17:27:08,1444662,0,56359,56359,0,0,0,0,171748,0,
17:27:09,1445664,0,56359,56359,0,0,0,0,175272,0,
17:27:10,1446667,0,56359,56359,0,0,0,0,173340,0,
17:27:11,1446667,30,56359,56359,0,0,0,0,173340,30,marker
17:27:11,1447669,0,56359,56359,0,0,0,0,160152,30,
17:27:11,1447669,0,56359,56359,0,0,0,0,160152,0,marker
17:27:11,1447669,40,56359,56359,0,0,0,0,160152,40,marker
17:27:12,1447669,0,56359,56359,0,0,0,0,160152,0,marker
17:27:12,1448677,0,56359,56359,0,0,0,0,173332,0,
17:27:13,1449678,0,56359,56359,0,0,0,0,172096,0,
17:27:14,1449678,20,56359,56359,0,0,0,0,172096,20,marker
17:27:14,1450680,0,56359,56359,0,0,0,0,163668,20,
17:27:15,1451682,0,56359,56359,0,0,0,0,171748,0,
17:27:16,1452685,0,56359,56359,0,0,0,0,162084,0,
17:27:17,1453687,0,56359,56359,0,0,0,0,171748,0,
17:27:18,1454694,0,56359,56359,0,0,0,0,173680,0,
17:27:19,1455697,0,56359,56359,0,0,0,0,165948,0,
17:27:20,1456699,0,56359,56359,0,0,0,0,171748,0,
17:27:21,1457702,0,56359,56359,0,0,0,0,175272,0,
17:27:22,1458704,0,56359,56359,0,0,0,0,172096,0,
17:27:23,1459707,0,56359,56359,0,0,0,0,173680,0,
17:27:24,1459707,30,56359,56359,0,0,0,0,173680,30,marker
17:27:24,1460710,0,56359,56359,0,0,0,0,167880,30,
17:27:24,1460710,40,56359,56359,0,0,0,0,167880,40,marker
17:27:25,1461711,0,56359,56359,0,0,0,0,173680,0,
17:27:26,1462713,0,56359,56359,0,0,0,0,167532,0,
17:27:27,1462713,21,56359,56359,0,0,0,0,167532,21,marker
17:27:27,1463714,0,56359,56359,0,0,0,0,175264,21,
17:27:27,1463714,0,56359,56359,0,0,0,0,175264,0,marker
17:27:28,1464717,0,56359,56359,0,0,0,0,172096,0,
17:27:29,1465720,0,56359,56359,0,0,0,0,173328,0,
17:27:30,1466721,0,56359,56359,0,0,0,0,175264,0,
17:27:31,1467724,0,56359,56359,0,0,0,0,171400,0,
17:27:32,1468725,0,56359,56359,0,0,0,0,175264,0,
17:27:33,1469726,0,56359,56359,0,0,0,0,173680,0,
17:27:34,1470727,0,56359,56359,0,0,0,0,173680,0,
17:27:35,1471728,0,56359,56359,0,0,0,0,165600,0,
17:27:36,1472729,0,56359,56359,0,0,0,0,173680,0,
17:27:37,1472729,30,56359,56359,0,0,0,0,173680,30,marker
17:27:37,1472729,0,56359,56359,0,0,0,0,173680,0,marker
17:27:37,1473739,0,56359,56359,0,0,0,0,173332,0,
17:27:37,1473739,40,56359,56359,0,0,0,0,173332,40,marker
17:27:38,1474740,0,56359,56359,0,0,0,0,172096,0,
17:27:39,1475744,0,56359,56359,0,0,0,0,173680,0,
17:27:40,1475744,20,56359,56359,0,0,0,0,173680,20,marker
17:27:40,1475744,0,56359,56359,0,0,0,0,173680,0,marker
17:27:40,1476745,0,56359,56359,0,0,0,0,160276,0,
17:27:41,1477758,0,56359,56359,0,0,0,0,172096,0,
17:27:42,1478761,0,56359,56359,0,0,0,0,173680,0,
17:27:43,1479763,0,56359,56359,0,0,0,0,172104,0,
17:27:44,1480765,0,56359,56359,0,0,0,0,172096,0,
17:27:45,1481767,0,56359,56359,0,0,0,0,163668,0,
17:27:46,1482769,0,56359,56359,0,0,0,0,171748,0,
17:27:47,1483771,0,56359,56359,0,0,0,0,173680,0,
17:27:48,1484772,0,56359,56359,0,0,0,0,173680,0,
17:27:49,1485773,0,56359,56359,0,0,0,0,171400,0,
17:27:50,1485773,30,56359,56359,0,0,0,0,171400,30,marker
17:27:50,1486774,0,56359,56359,0,0,0,0,173680,0,
17:27:51,1486774,40,56359,56359,0,0,0,0,173680,40,marker
17:27:51,1486774,0,56359,56359,0,0,0,0,173680,0,marker
17:27:51,1487776,0,56359,56359,0,0,0,0,175264,0,
17:27:52,1488778,0,56359,56359,0,0,0,0,173332,0,
17:27:53,1488778,20,56359,56359,0,0,0,0,173332,20,marker
17:27:53,1488778,0,56359,56359,0,0,0,0,173332,0,marker
17:27:53,1489781,0,56359,56359,0,0,0,0,171748,0,
17:27:54,1490787,0,56359,56359,0,0,0,0,173680,0,
17:27:55,1491789,0,56359,56359,0,0,0,0,168772,0,
17:27:56,1492790,0,56359,56359,0,0,0,0,173680,0,
17:27:57,1493791,0,56359,56359,0,0,0,0,173688,0,
17:27:58,1494793,0,56359,56359,0,0,0,0,168572,0,
17:27:59,1495796,0,56359,56359,0,0,0,0,162084,0,
17:28:00,1496797,0,56359,56359,0,0,0,0,173332,0,
17:28:01,1497798,0,56359,56359,0,0,0,0,173680,0,
17:28:02,1498801,0,56359,56359,0,0,0,0,173680,0,
17:28:03,1498801,30,56359,56359,0,0,0,0,173680,30,marker
17:28:03,1499802,0,56359,56359,0,0,0,0,171400,0,
17:28:03,1499802,40,56359,56359,0,0,0,0,171400,40,marker
17:28:03,1499802,0,56359,56359,0,0,0,0,171400,0,marker
17:28:04,1500803,0,56359,56359,0,0,0,0,165948,0,
17:28:05,1501804,0,56359,56359,0,0,0,0,175272,0,
17:28:06,1501804,20,56359,56359,0,0,0,0,175272,20,marker
17:28:06,1501804,0,56359,56359,0,0,0,0,175272,0,marker
17:28:06,1502806,0,56359,56359,0,0,0,0,173680,0,
17:28:07,1503808,0,56359,56359,0,0,0,0,173124,0,
17:28:08,1504816,0,56359,56359,0,0,0,0,173332,0,
17:28:09,1505818,0,56359,56359,0,0,0,0,165948,0,
17:28:10,1506819,0,56359,56359,0,0,0,0,173680,0,
17:28:11,1507821,0,56359,56359,0,0,0,0,173680,0,
17:28:12,1508824,0,56359,56359,0,0,0,0,175264,0,
17:28:13,1509826,0,56359,56359,0,0,0,0,159804,0,
17:28:14,1510833,0,56359,56359,0,0,0,0,171748,0,
17:28:15,1511836,0,56359,56359,0,0,0,0,175264,0,
17:28:16,1511836,30,56359,56359,0,0,0,0,175264,30,marker
17:28:16,1511836,0,56359,56359,0,0,0,0,175264,0,marker
17:28:16,1511836,40,56359,56359,0,0,0,0,175264,40,marker
17:28:16,1512837,0,56359,56359,0,0,0,0,173680,40,
17:28:16,1512837,0,56359,56359,0,0,0,0,173680,0,marker
17:28:17,1513838,0,56359,56359,0,0,0,0,175264,0,
17:28:18,1514841,0,56359,56359,0,0,0,0,161736,0,
17:28:19,1514841,21,56359,56359,0,0,0,0,161736,21,marker
17:28:19,1515844,0,56359,56359,0,0,0,0,173680,0,
17:28:20,1516846,0,56359,56359,0,0,0,0,173680,0,
17:28:21,1517849,0,56359,56359,0,0,0,0,173680,0,
17:28:22,1518852,0,56359,56359,0,0,0,0,175264,0,
17:28:23,1519855,0,56359,56359,0,0,0,0,173680,0,
17:28:24,1520858,0,56359,56359,0,0,0,0,173680,0,
17:28:25,1521860,0,56359,56359,0,0,0,0,175264,0,
17:28:26,1522861,0,56359,56359,0,0,0,0,173684,0,
17:28:27,1523863,0,56359,56359,0,0,0,0,175272,0,
17:28:28,1524864,0,56359,56359,0,0,0,0,173680,0,
17:28:29,1524864,30,56359,56359,0,0,0,0,173680,30,marker
17:28:29,1524864,0,56359,56359,0,0,0,0,173680,0,marker
17:28:29,1525865,0,56359,56359,0,0,0,0,175264,0,
17:28:30,1525865,40,56359,56359,0,0,0,0,175264,40,marker
17:28:30,1525865,0,56359,56359,0,0,0,0,175264,0,marker
17:28:30,1526869,0,56359,56359,0,0,0,0,172984,0,
17:28:31,1527872,0,56359,56359,0,0,0,0,175264,0,
17:28:32,1527872,20,56359,56359,0,0,0,0,175264,20,marker
17:28:32,1527872,0,56359,56359,0,0,0,0,175264,0,marker
17:28:32,1528874,0,56359,56359,0,0,0,0,173680,0,
17:28:33,1529875,0,56359,56359,0,0,0,0,175264,0,
17:28:34,1530876,0,56359,56359,0,0,0,0,173680,0,
17:28:35,1531878,0,56359,56359,0,0,0,0,173332,0,
17:28:36,1532880,0,56359,56359,0,0,0,0,173332,0,
17:28:37,1533882,0,56359,56359,0,0,0,0,172096,0,
17:28:38,1534884,0,56359,56359,0,0,0,0,175264,0,
17:28:39,1535886,0,56359,56359,0,0,0,0,173676,0,
17:28:40,1536888,0,56359,56359,0,0,0,0,170164,0,
17:28:41,1537890,0,56359,56359,0,0,0,0,172096,0,
17:28:42,1537890,30,56359,56359,0,0,0,0,172096,30,marker
17:28:42,1537890,0,56359,56359,0,0,0,0,172096,0,marker
17:28:42,1538893,0,56359,56359,0,0,0,0,173680,0,
17:28:42,1538893,40,56359,56359,0,0,0,0,173680,40,marker
17:28:43,1538893,0,56359,56359,0,0,0,0,173680,0,marker
17:28:43,1539894,0,56359,56359,0,0,0,0,175272,0,
17:28:44,1540895,0,56359,56359,0,0,0,0,173680,0,
17:28:45,1540895,21,56359,56359,0,0,0,0,173680,21,marker
17:28:45,1541897,0,56359,56359,0,0,0,0,172096,0,
17:28:46,1542898,0,56359,56359,0,0,0,0,173688,0,
17:28:47,1543900,0,56359,56359,0,0,0,0,175264,0,
17:28:48,1544901,0,56359,56359,0,0,0,0,173680,0,
17:28:49,1545903,0,56359,56359,0,0,0,0,173680,0,
17:28:50,1546906,0,56359,56359,0,0,0,0,172096,0,
17:28:51,1547909,0,56359,56359,0,0,0,0,165948,0,
17:28:52,1548911,0,56359,56359,0,0,0,0,173332,0,
17:28:53,1549913,0,56359,56359,0,0,0,0,161512,0,
17:28:54,1550914,0,56359,56359,0,0,0,0,171748,0,
17:28:55,1550914,30,56359,56359,0,0,0,0,171748,30,marker
17:28:55,1550914,40,56359,56359,0,0,0,0,171748,40,marker
17:28:55,1551916,0,56359,56359,0,0,0,0,173680,40,
17:28:56,1552918,0,56359,56359,0,0,0,0,175264,0,
17:28:57,1553921,0,56359,56359,0,0,0,0,171748,0,
17:28:58,1553921,20,56359,56359,0,0,0,0,171748,20,marker
17:28:58,1553921,0,56359,56359,0,0,0,0,171748,0,marker
17:28:58,1554924,0,56359,56359,0,0,0,0,175264,0,
17:28:59,1555926,0,56359,56359,0,0,0,0,173680,0,
17:29:00,1556927,0,56359,56359,0,0,0,0,175268,0,
17:29:01,1557928,0,56359,56359,0,0,0,0,173680,0,
17:29:02,1558929,0,56359,56359,0,0,0,0,173680,0,
17:29:03,1559930,0,56359,56359,0,0,0,0,172096,0,
17:29:04,1560931,0,56359,56359,0,0,0,0,173680,0,
17:29:05,1561933,0,56359,56359,0,0,0,0,175264,0,
17:29:06,1562934,0,56359,56359,0,0,0,0,173680,0,
17:29:07,1563936,0,56359,56359,0,0,0,0,172096,0,
17:29:08,1563936,30,56359,56359,0,0,0,0,172096,30,marker
17:29:08,1563936,0,56359,56359,0,0,0,0,172096,0,marker
17:29:08,1563936,40,56359,56359,0,0,0,0,172096,40,marker
17:29:08,1564937,0,56359,56359,0,0,0,0,173680,40,
17:29:08,1564937,0,56359,56359,0,0,0,0,173680,0,marker
17:29:09,1565939,0,56359,56359,0,0,0,0,171748,0,
17:29:10,1566941,0,56359,56359,0,0,0,0,173680,0,
17:29:11,1566941,21,56359,56359,0,0,0,0,173680,21,marker
17:29:11,1567944,0,56359,56359,0,0,0,0,175264,0,
17:29:12,1568945,0,56359,56359,0,0,0,0,173684,0,
17:29:13,1569946,0,56359,56359,0,0,0,0,171748,0,
17:29:14,1570948,0,56359,56359,0,0,0,0,175272,0,
17:29:15,1571949,0,56359,56359,0,0,0,0,175272,0,
17:29:16,1572950,0,56359,56359,0,0,0,0,173680,0,
17:29:17,1573952,0,56359,56359,0,0,0,0,172092,0,
17:29:18,1574954,0,56359,56359,0,0,0,0,172096,0,
17:29:19,1575957,0,56359,56359,0,0,0,0,169816,0,
17:29:20,1576958,0,56359,56359,0,0,0,0,173680,0,
17:29:21,1576958,30,56359,56359,0,0,0,0,173680,30,marker
17:29:21,1576958,0,56359,56359,0,0,0,0,173680,0,marker
17:29:21,1576958,40,56359,56359,0,0,0,0,173680,40,marker
17:29:21,1577959,0,56359,56359,0,0,0,0,173680,40,
17:29:21,1577959,0,56359,56359,0,0,0,0,173680,0,marker
17:29:22,1578960,0,56359,56359,0,0,0,0,173332,0,
17:29:23,1579963,0,56359,56359,0,0,0,0,175264,0,
17:29:24,1579963,21,56359,56359,0,0,0,0,175264,21,marker
17:29:24,1579963,0,56359,56359,0,0,0,0,175264,0,marker
17:29:24,1580964,0,56359,56359,0,0,0,0,173676,0,
17:29:25,1581966,0,56359,56359,0,0,0,0,173340,0,
17:29:26,1582969,0,56359,56359,0,0,0,0,172096,0,
17:29:27,1583971,0,56359,56359,0,0,0,0,169120,0,
17:29:28,1584972,0,56359,56359,0,0,0,0,175264,0,
17:29:29,1585974,0,56359,56359,0,0,0,0,173680,0,
17:29:30,1586975,0,56359,56359,0,0,0,0,173680,0,
17:29:31,1587977,0,56359,56359,0,0,0,0,172092,0,
17:29:32,1588981,0,56359,56359,0,0,0,0,172096,0,
17:29:33,1589983,0,56359,56359,0,0,0,0,173680,0,
17:29:34,1589983,30,56359,56359,0,0,0,0,173680,30,marker
17:29:34,1589983,0,56359,56359,0,0,0,0,173680,0,marker
17:29:34,1589983,40,56359,56359,0,0,0,0,173680,40,marker
17:29:34,1590984,0,56359,56359,0,0,0,0,173680,40,
17:29:35,1591986,0,56359,56359,0,0,0,0,173680,0,
17:29:36,1592987,0,56359,56359,0,0,0,0,175264,0,
17:29:37,1592987,20,56359,56359,0,0,0,0,175264,20,marker
17:29:37,1592987,0,56359,56359,0,0,0,0,175264,0,marker
17:29:37,1593989,0,56359,56359,0,0,0,0,173680,0,
17:29:38,1594992,0,56359,56359,0,0,0,0,175264,0,
17:29:39,1595994,0,56359,56359,0,0,0,0,173680,0,
17:29:40,1596995,0,56359,56359,0,0,0,0,171748,0,
17:29:41,1597997,0,56359,56359,0,0,0,0,173680,0,
17:29:42,1598999,0,56359,56359,0,0,0,0,173332,0,
17:29:43,1600002,0,56359,56359,0,0,0,0,175264,0,
17:29:44,1601005,0,56359,56359,0,0,0,0,171748,0,
17:29:45,1602006,0,56359,56359,0,0,0,0,173332,0,
17:29:46,1603008,0,56359,56359,0,0,0,0,171748,0,
17:29:47,1603008,30,56359,56359,0,0,0,0,171748,30,marker
17:29:47,1603008,0,56359,56359,0,0,0,0,171748,0,marker
17:29:47,1604011,0,56359,56359,0,0,0,0,173680,0,
17:29:48,1604011,40,56359,56359,0,0,0,0,173680,40,marker
17:29:48,1604011,0,56359,56359,0,0,0,0,173680,0,marker
17:29:48,1605012,0,56359,56359,0,0,0,0,173680,0,
17:29:49,1606013,0,56359,56359,0,0,0,0,172096,0,
17:29:50,1606013,20,56359,56359,0,0,0,0,172096,20,marker
17:29:50,1606013,0,56359,56359,0,0,0,0,172096,0,marker
17:29:50,1607014,0,56359,56359,0,0,0,0,173332,0,
17:29:51,1608016,0,56359,56359,0,0,0,0,175264,0,
17:29:52,1609017,0,56359,56359,0,0,0,0,173680,0,
17:29:53,1610018,0,56359,56359,0,0,0,0,175264,0,
17:29:54,1611021,0,56359,56359,0,0,0,0,171748,0,
17:29:55,1612022,0,56359,56359,0,0,0,0,172096,0,
17:29:56,1613024,0,56359,56359,0,0,0,0,171748,0,
17:29:57,1614027,0,56359,56359,0,0,0,0,173680,0,
17:29:58,1615029,0,56359,56359,0,0,0,0,175264,0,
17:29:59,1616031,0,56359,56359,0,0,0,0,173332,0,
17:30:00,1616031,30,56359,56359,0,0,0,0,173332,30,marker
17:30:00,1616031,40,56359,56359,0,0,0,0,173332,40,marker
17:30:00,1616031,0,56359,56359,0,0,0,0,173332,0,marker
17:30:00,1617033,0,56359,56359,0,0,0,0,173680,0,
17:30:01,1618036,0,56359,56359,0,0,0,0,175264,0,
17:30:02,1619038,0,56359,56359,0,0,0,0,173680,0,
17:30:03,1619038,20,56359,56359,0,0,0,0,173680,20,marker
17:30:03,1619038,0,56359,56359,0,0,0,0,173680,0,marker
17:30:03,1620040,0,56359,56359,0,0,0,0,172092,0,
17:30:04,1621042,0,56359,56359,0,0,0,0,173328,0,
17:30:05,1622045,0,56359,56359,0,0,0,0,175272,0,
17:30:06,1623046,0,56359,56359,0,0,0,0,173676,0,
17:30:07,1624047,0,56359,56359,0,0,0,0,175272,0,
17:30:08,1625049,0,56359,56359,0,0,0,0,173680,0,
17:30:09,1626050,0,56359,56359,0,0,0,0,175272,0,
17:30:10,1627052,0,56359,56359,0,0,0,0,171744,0,
17:30:11,1628054,0,56359,56359,0,0,0,0,173688,0,
17:30:12,1629056,0,56359,56359,0,0,0,0,159456,0,
17:30:13,1629056,30,56359,56359,0,0,0,0,159456,30,marker
17:30:13,1629056,0,56359,56359,0,0,0,0,159456,0,marker
17:30:13,1629056,40,56359,56359,0,0,0,0,159456,40,marker
17:30:13,1630066,0,56359,56359,0,0,0,0,175264,40,
17:30:13,1630066,0,56359,56359,0,0,0,0,175264,0,marker
17:30:14,1631068,0,56359,56359,0,0,0,0,172096,0,
17:30:15,1632070,0,56359,56359,0,0,0,0,172096,0,
17:30:16,1632070,20,56359,56359,0,0,0,0,172096,20,marker
17:30:16,1632070,0,56359,56359,0,0,0,0,172096,0,marker
17:30:16,1633072,0,56359,56359,0,0,0,0,173332,0,
17:30:17,1634075,0,56359,56359,0,0,0,0,175264,0,
17:30:18,1635076,0,56359,56359,0,0,0,0,173680,0,
17:30:19,1636077,0,56359,56359,0,0,0,0,175264,0,
17:30:20,1637078,0,56359,56359,0,0,0,0,173680,0,
17:30:21,1638080,0,56359,56359,0,0,0,0,172096,0,
17:30:22,1639081,0,56359,56359,0,0,0,0,173680,0,
17:30:23,1640082,0,56359,56359,0,0,0,0,175264,0,
17:30:24,1641084,0,56359,56359,0,0,0,0,173680,0,
17:30:25,1642086,0,56359,56359,0,0,0,0,173332,0,
17:30:26,1642086,30,56359,56359,0,0,0,0,173332,30,marker
17:30:26,1642086,0,56359,56359,0,0,0,0,173332,0,marker
17:30:26,1643088,0,56359,56359,0,0,0,0,171748,0,
17:30:26,1643088,40,56359,56359,0,0,0,0,171748,40,marker
17:30:27,1643088,0,56359,56359,0,0,0,0,171748,0,marker
17:30:27,1644090,0,56359,56359,0,0,0,0,175264,0,
17:30:28,1645093,0,56359,56359,0,0,0,0,173676,0,
17:30:29,1645093,21,56359,56359,0,0,0,0,173676,21,marker
17:30:29,1646094,0,56359,56359,0,0,0,0,173680,0,
17:30:30,1647096,0,56359,56359,0,0,0,0,172096,0,
17:30:31,1648099,0,56359,56359,0,0,0,0,173680,0,
17:30:32,1649100,0,56359,56359,0,0,0,0,175272,0,
17:30:33,1650103,0,56359,56359,0,0,0,0,172096,0,
17:30:34,1651104,0,56359,56359,0,0,0,0,172092,0,
17:30:35,1652106,0,56359,56359,0,0,0,0,172096,0,
17:30:36,1653108,0,56359,56359,0,0,0,0,173332,0,
17:30:37,1654110,0,56359,56359,0,0,0,0,175272,0,
17:30:38,1655112,0,56359,56359,0,0,0,0,169816,0,
17:30:39,1655112,30,56359,56359,0,0,0,0,169816,30,marker
17:30:39,1655112,0,56359,56359,0,0,0,0,169816,0,marker
17:30:39,1656113,0,56359,56359,0,0,0,0,175264,0,
17:30:39,1656113,40,56359,56359,0,0,0,0,175264,40,marker
17:30:40,1656113,0,56359,56359,0,0,0,0,175264,0,marker
17:30:40,1657114,0,56359,56359,0,0,0,0,173680,0,
17:30:41,1658116,0,56359,56359,0,0,0,0,175264,0,
17:30:42,1658116,21,56359,56359,0,0,0,0,175264,21,marker
17:30:42,1658116,0,56359,56359,0,0,0,0,175264,0,marker
17:30:42,1659118,0,56359,56359,0,0,0,0,173680,0,
17:30:43,1660120,0,56359,56359,0,0,0,0,172096,0,
17:30:44,1661123,0,56359,56359,0,0,0,0,173680,0,
17:30:45,1662124,0,56359,56359,0,0,0,0,172096,0,
17:30:46,1663126,0,56359,56359,0,0,0,0,173680,0,
17:30:47,1664128,0,56359,56359,0,0,0,0,173332,0,
17:30:48,1665131,0,56359,56359,0,0,0,0,175264,0,
17:30:49,1666134,0,56359,56359,0,0,0,0,172096,0,
17:30:50,1667136,0,56359,56359,0,0,0,0,173332,0,
17:30:51,1668139,0,56359,56359,0,0,0,0,175264,0,
17:30:52,1668139,30,56359,56359,0,0,0,0,175264,30,marker
17:30:52,1668139,0,56359,56359,0,0,0,0,175264,0,marker
17:30:52,1668139,40,56359,56359,0,0,0,0,175264,40,marker
17:30:52,1669141,0,56359,56359,0,0,0,0,173680,40,
17:30:52,1669141,0,56359,56359,0,0,0,0,173680,0,marker
17:30:53,1670143,0,56359,56359,0,0,0,0,172096,0,
17:30:54,1671145,0,56359,56359,0,0,0,0,173680,0,
17:30:55,1671145,21,56359,56359,0,0,0,0,173680,21,marker
17:30:55,1671145,0,56359,56359,0,0,0,0,173680,0,marker
17:30:55,1672148,0,56359,56359,0,0,0,0,173680,0,
17:30:56,1673150,0,56359,56359,0,0,0,0,175264,0,
17:30:57,1674152,0,56359,56359,0,0,0,0,172096,0,
17:30:58,1675154,0,56359,56359,0,0,0,0,173680,0,
17:30:59,1676156,0,56359,56359,0,0,0,0,172096,0,
17:31:00,1677158,0,56359,56359,0,0,0,0,175264,0,
17:31:01,1678161,0,56359,56359,0,0,0,0,164016,0,
17:31:02,1679163,0,56359,56359,0,0,0,0,172096,0,
17:31:03,1680166,0,56359,56359,0,0,0,0,163320,0,
17:31:04,1681167,0,56359,56359,0,0,0,0,171748,0,
17:31:05,1681167,30,56359,56359,0,0,0,0,171748,30,marker
17:31:05,1681167,0,56359,56359,0,0,0,0,171748,0,marker
17:31:05,1682172,0,56359,56359,0,0,0,0,173332,0,
17:31:06,1682172,40,56359,56359,0,0,0,0,173332,40,marker
17:31:06,1682172,0,56359,56359,0,0,0,0,173332,0,marker
17:31:06,1683174,0,56359,56359,0,0,0,0,175264,0,
17:31:07,1684176,0,56359,56359,0,0,0,0,171748,0,
17:31:08,1684176,21,56359,56359,0,0,0,0,171748,21,marker
17:31:08,1684176,0,56359,56359,0,0,0,0,171748,0,marker
17:31:08,1685183,0,56359,56359,0,0,0,0,173332,0,
17:31:09,1686185,0,56359,56359,0,0,0,0,165948,0,
17:31:10,1687186,0,56359,56359,0,0,0,0,175264,0,
17:31:11,1688187,0,56359,56359,0,0,0,0,164016,0,
17:31:12,1689189,0,56359,56359,0,0,0,0,175264,0,
17:31:13,1690191,0,56359,56359,0,0,0,0,161736,0,
17:31:14,1691193,0,56359,56359,0,0,0,0,169816,0,
17:31:15,1692194,0,56359,56359,0,0,0,0,173680,0,
17:31:16,1693197,0,56359,56359,0,0,0,0,167532,0,
17:31:17,1694199,0,56359,56359,0,0,0,0,175268,0,
17:31:18,1694199,30,56359,56359,0,0,0,0,175268,30,marker
17:31:18,1694199,0,56359,56359,0,0,0,0,175268,0,marker
17:31:18,1694199,40,56359,56359,0,0,0,0,175268,40,marker
17:31:19,1695200,0,56359,56359,0,0,0,0,164016,40,
17:31:19,1695200,0,56359,56359,0,0,0,0,164016,0,marker
17:31:19,1696202,0,56359,56359,0,0,0,0,172104,0,
17:31:21,1697204,0,56359,56359,0,0,0,0,160152,0,
17:31:21,1697204,21,56359,56359,0,0,0,0,160152,21,marker
17:31:21,1698215,0,56359,56359,0,0,0,0,173680,0,
17:31:22,1699218,0,56359,56359,0,0,0,0,173332,0,
17:31:24,1700220,0,56359,56359,0,0,0,0,163668,0,
17:31:25,1701222,0,56359,56359,0,0,0,0,173332,0,
17:31:26,1702228,0,56359,56359,0,0,0,0,173332,0,
17:31:27,1703230,0,56359,56359,0,0,0,0,173680,0,
17:31:28,1704231,0,56359,56359,0,0,0,0,175272,0,
17:31:29,1705232,0,56359,56359,0,0,0,0,172096,0,
17:31:30,1706235,0,56359,56359,0,0,0,0,173680,0,
17:31:31,1707239,0,56359,56359,0,0,0,0,173684,0,
17:31:31,1707239,30,56359,56359,0,0,0,0,173684,30,marker
17:31:31,1707239,0,56359,56359,0,0,0,0,173684,0,marker
17:31:31,1707239,40,56359,56359,0,0,0,0,173684,40,marker
17:31:32,1708241,0,56359,56359,0,0,0,0,172096,0,
17:31:33,1709244,0,56359,56359,0,0,0,0,173688,0,
17:31:34,1710246,0,56359,56359,0,0,0,0,169464,0,
17:31:34,1710246,20,56359,56359,0,0,0,0,169464,20,marker
17:31:35,1711248,0,56359,56359,0,0,0,0,173680,0,
17:31:36,1712250,0,56359,56359,0,0,0,0,172096,0,
17:31:37,1713253,0,56359,56359,0,0,0,0,173680,0,
17:31:38,1714254,0,56359,56359,0,0,0,0,175268,0,
17:31:39,1715257,0,56359,56359,0,0,0,0,171396,0,
17:31:40,1716258,0,56359,56359,0,0,0,0,171748,0,
17:31:41,1717259,0,56359,56359,0,0,0,0,167880,0,
17:31:42,1718260,0,56359,56359,0,0,0,0,175264,0,
17:31:43,1719261,0,56359,56359,0,0,0,0,172096,0,
17:31:44,1720264,0,56359,56359,0,0,0,0,172096,0,
17:31:44,1720264,30,56359,56359,0,0,0,0,172096,30,marker
17:31:44,1720264,0,56359,56359,0,0,0,0,172096,0,marker
17:31:44,1720264,40,56359,56359,0,0,0,0,172096,40,marker
17:31:45,1721267,0,56359,56359,0,0,0,0,175264,0,
17:31:46,1722268,0,56359,56359,0,0,0,0,173680,0,
17:31:47,1723269,0,56359,56359,0,0,0,0,167532,0,
17:31:47,1723269,20,56359,56359,0,0,0,0,167532,20,marker
17:31:48,1724270,0,56359,56359,0,0,0,0,173680,0,
17:31:49,1725272,0,56359,56359,0,0,0,0,173680,0,
17:31:50,1726273,0,56359,56359,0,0,0,0,173680,0,
17:31:51,1727274,0,56359,56359,0,0,0,0,173680,0,
17:31:52,1728276,0,56359,56359,0,0,0,0,173680,0,
17:31:53,1729278,0,56359,56359,0,0,0,0,171744,0,
17:31:54,1730280,0,56359,56359,0,0,0,0,172096,0,
17:31:55,1731282,0,56359,56359,0,0,0,0,167532,0,
17:31:56,1732284,0,56359,56359,0,0,0,0,172096,0,
17:31:57,1733286,0,56359,56359,0,0,0,0,173680,0,
17:31:57,1733286,30,56359,56359,0,0,0,0,173680,30,marker
17:31:57,1733286,0,56359,56359,0,0,0,0,173680,0,marker
17:31:57,1733286,40,56359,56359,0,0,0,0,173680,40,marker
17:31:57,1733286,0,56359,56359,0,0,0,0,173680,0,marker
17:31:58,1734288,0,56359,56359,0,0,0,0,173332,0,
17:31:59,1735289,0,56359,56359,0,0,0,0,173332,0,
17:32:00,1736293,0,56359,56359,0,0,0,0,173332,0,
17:32:00,1736293,20,56359,56359,0,0,0,0,173332,20,marker
17:32:00,1736293,0,56359,56359,0,0,0,0,173332,0,marker
17:32:01,1737296,0,56359,56359,0,0,0,0,173332,0,
17:32:02,1738298,0,56359,56359,0,0,0,0,173680,0,
17:32:03,1739301,0,56359,56359,0,0,0,0,172104,0,
17:32:04,1740304,0,56359,56359,0,0,0,0,171748,0,
17:32:05,1741305,0,56359,56359,0,0,0,0,173680,0,
17:32:06,1742307,0,56359,56359,0,0,0,0,175264,0,
17:32:07,1743309,0,56359,56359,0,0,0,0,173680,0,
17:32:08,1744311,0,56359,56359,0,0,0,0,175264,0,
17:32:09,1745313,0,56359,56359,0,0,0,0,172096,0,
17:32:10,1746316,0,56359,56359,0,0,0,0,173680,0,
17:32:10,1746316,30,56359,56359,0,0,0,0,173680,30,marker
17:32:10,1746316,0,56359,56359,0,0,0,0,173680,0,marker
17:32:10,1746316,40,56359,56359,0,0,0,0,173680,40,marker
17:32:11,1747317,0,56359,56359,0,0,0,0,172096,0,
17:32:12,1748318,0,56359,56359,0,0,0,0,173332,0,
17:32:13,1749320,0,56359,56359,0,0,0,0,175268,0,
17:32:13,1749320,21,56359,56359,0,0,0,0,175268,21,marker
17:32:13,1749320,0,56359,56359,0,0,0,0,175268,0,marker
17:32:14,1750322,0,56359,56359,0,0,0,0,173688,0,
17:32:15,1751324,0,56359,56359,0,0,0,0,173680,0,
17:32:16,1752325,0,56359,56359,0,0,0,0,171884,0,
17:32:17,1753329,0,56359,56359,0,0,0,0,173688,0,
17:32:18,1754330,0,56359,56359,0,0,0,0,175264,0,
17:32:19,1755331,0,56359,56359,0,0,0,0,173676,0,
17:32:20,1756332,0,56359,56359,0,0,0,0,173680,0,
17:32:21,1757333,0,56359,56359,0,0,0,0,172096,0,
17:32:22,1758336,0,56359,56359,0,0,0,0,173680,0,
17:32:23,1759338,0,56359,56359,0,0,0,0,173332,0,
17:32:23,1759338,30,56359,56359,0,0,0,0,173332,30,marker
17:32:23,1759338,40,56359,56359,0,0,0,0,173332,40,marker
17:32:24,1759338,0,56359,56359,0,0,0,0,173332,0,marker
17:32:24,1760341,0,56359,56359,0,0,0,0,172096,0,
17:32:25,1761343,0,56359,56359,0,0,0,0,173680,0,
17:32:26,1762344,0,56359,56359,0,0,0,0,172096,0,
17:32:26,1762344,21,56359,56359,0,0,0,0,172096,21,marker
17:32:26,1762344,0,56359,56359,0,0,0,0,172096,0,marker
17:32:27,1763346,0,56359,56359,0,0,0,0,173680,0,
17:32:28,1764348,0,56359,56359,0,0,0,0,173332,0,
17:32:29,1765351,0,56359,56359,0,0,0,0,173332,0,
17:32:30,1766352,0,56359,56359,0,0,0,0,173680,0,
17:32:31,1767353,0,56359,56359,0,0,0,0,171748,0,
17:32:32,1768356,0,56359,56359,0,0,0,0,173680,0,
17:32:33,1769357,0,56359,56359,0,0,0,0,173680,0,
17:32:34,1770359,0,56359,56359,0,0,0,0,172096,0,
17:32:35,1771361,0,56359,56359,0,0,0,0,172096,0,
17:32:36,1772364,0,56359,56359,0,0,0,0,175264,0,
17:32:36,1772364,30,56359,56359,0,0,0,0,175264,30,marker
17:32:36,1772364,0,56359,56359,0,0,0,0,175264,0,marker
17:32:36,1772364,40,56359,56359,0,0,0,0,175264,40,marker
17:32:36,1772364,0,56359,56359,0,0,0,0,175264,0,marker
17:32:37,1773367,0,56359,56359,0,0,0,0,171748,0,
17:32:38,1774370,0,56359,56359,0,0,0,0,173680,0,
17:32:39,1775371,0,56359,56359,0,0,0,0,172096,0,
17:32:40,1776374,0,56359,56359,0,0,0,0,172096,0,
17:32:41,1777375,0,56359,56359,0,0,0,0,173332,0,
17:32:42,1778377,0,56359,56359,0,0,0,0,172096,0,
17:32:43,1779379,0,56359,56359,0,0,0,0,173332,0,
17:32:44,1780381,0,56359,56359,0,0,0,0,175264,0,
17:32:45,1781383,0,56359,56359,0,0,0,0,173680,0,
17:32:46,1782384,0,56359,56359,0,0,0,0,175264,0,
17:32:47,1783386,0,56359,56359,0,0,0,0,173680,0,
17:32:48,1784389,0,56359,56359,0,0,0,0,173672,0,
17:32:49,1785391,0,56359,56359,0,0,0,0,172096,0,
17:32:50,1786393,0,56359,56359,0,0,0,0,173680,0,
17:32:51,1787395,0,56359,56359,0,0,0,0,173332,0,
17:32:52,1788397,0,56359,56359,0,0,0,0,172096,0,
17:32:53,1789399,0,56359,56359,0,0,0,0,173680,0,
17:32:54,1790401,0,56359,56359,0,0,0,0,175264,0,
17:32:55,1791402,0,56359,56359,0,0,0,0,172096,0,
17:32:56,1792403,0,56359,56359,0,0,0,0,173680,0,
17:32:57,1793404,0,56359,56359,0,0,0,0,173680,0,
17:32:58,1794405,0,56359,56359,0,0,0,0,175264,0,
17:32:59,1795408,0,56359,56359,0,0,0,0,172096,0,
17:33:00,1796410,0,56359,56359,0,0,0,0,173328,0,
17:33:01,1797413,0,56359,56359,0,0,0,0,175272,0,
17:33:02,1798414,0,56359,56359,0,0,0,0,173332,0,
