TrialNumber,Marker,CueSide,BroadbandPowerDb,RobustZ,AutoExcluded,ManualExcluded,Excluded
1,21,right,-22.216919,2.557013,1,0,1
2,21,right,-16.809528,4.646058,1,0,1
3,21,right,-28.185675,0.251095,0,0,0
4,21,right,-26.387001,0.945979,0,0,0
5,20,left,-27.537014,0.501693,0,0,0
6,21,right,-27.322202,0.584682,0,0,0
7,20,left,-25.779612,1.180633,0,0,0
8,21,right,-27.203964,0.630361,0,0,0
9,20,left,-24.559806,1.651882,0,0,0
10,21,right,-26.344012,0.962587,0,0,0
11,20,left,-26.794712,0.788468,0,0,0
12,20,left,-25.807810,1.169739,0,0,0
13,21,right,-26.740770,0.809307,0,0,0
14,20,left,-24.324185,1.742910,0,0,0
15,21,right,-26.094759,1.058882,0,0,0
16,20,left,-26.073093,1.067252,0,0,0
17,21,right,-28.061056,0.299239,0,0,0
18,20,left,-29.804923,-0.374471,0,0,0
19,21,right,-28.537853,0.115038,0,0,0
20,20,left,-29.251187,-0.160546,0,0,0
21,20,left,-30.581810,-0.674607,0,0,0
22,20,left,-28.742037,0.036155,0,0,0
23,21,right,-29.519439,-0.264180,0,0,0
24,20,left,-28.887477,-0.020033,0,0,0
25,21,right,-30.460467,-0.627729,0,0,0
26,20,left,-30.052797,-0.470233,0,0,0
27,21,right,-30.622223,-0.690220,0,0,0
28,21,right,-29.103554,-0.103511,0,0,0
29,20,left,-28.783768,0.020033,0,0,0
30,20,left,-30.581201,-0.674372,0,0,0
31,20,left,-31.969487,-1.210711,0,0,0
32,20,left,-31.972027,-1.211692,0,0,0
33,21,right,-30.434872,-0.617841,0,0,0
34,21,right,-30.277014,-0.556855,0,0,0
35,21,right,-28.070489,0.295595,0,0,0
36,21,right,-32.465588,-1.402370,0,0,0
37,21,right,-32.044246,-1.239592,0,0,0
38,20,left,-32.580147,-1.446628,0,0,0
39,20,left,-32.231011,-1.311745,0,0,0
40,20,left,-32.059494,-1.245483,0,0,0
41,21,right,-29.233662,-0.153775,0,0,0
42,21,right,-29.713837,-0.339282,0,0,0
